,git_hash,fuzzer,benchmark,time_started,time_ended,trial_id,time,edges_covered
0,f4f3c14ff98c7e0f7537e3d3339b5c468315647d,ifcg,mbedtls_fuzz_dtlsserver,43:14.7,53:18.4,151,900,4611
1,f4f3c14ff98c7e0f7537e3d3339b5c468315647d,ifcg,mbedtls_fuzz_dtlsserver,43:14.7,53:18.4,152,900,4611
2,f4f3c14ff98c7e0f7537e3d3339b5c468315647d,libfuzzer,mbedtls_fuzz_dtlsserver,43:14.8,53:18.4,169,900,4636
3,f4f3c14ff98c7e0f7537e3d3339b5c468315647d,libfuzzer,mbedtls_fuzz_dtlsserver,43:14.8,53:18.4,161,900,4611
4,f4f3c14ff98c7e0f7537e3d3339b5c468315647d,ifcg,mbedtls_fuzz_dtlsserver,43:14.9,53:18.4,153,900,4980
5,f4f3c14ff98c7e0f7537e3d3339b5c468315647d,libfuzzer,mbedtls_fuzz_dtlsserver,43:14.8,53:18.4,164,900,4611
6,f4f3c14ff98c7e0f7537e3d3339b5c468315647d,ifcg,mbedtls_fuzz_dtlsserver,43:14.7,53:18.4,155,900,4611
7,f4f3c14ff98c7e0f7537e3d3339b5c468315647d,ifcg,mbedtls_fuzz_dtlsserver,43:14.8,53:18.4,154,900,4636
8,f4f3c14ff98c7e0f7537e3d3339b5c468315647d,libfuzzer,mbedtls_fuzz_dtlsserver,43:14.7,53:18.4,162,900,4611
9,f4f3c14ff98c7e0f7537e3d3339b5c468315647d,ifcg,mbedtls_fuzz_dtlsserver,43:14.7,53:18.4,156,900,4630
10,f4f3c14ff98c7e0f7537e3d3339b5c468315647d,ifcg,mbedtls_fuzz_dtlsserver,43:14.8,53:18.4,159,900,4611
11,f4f3c14ff98c7e0f7537e3d3339b5c468315647d,libfuzzer,mbedtls_fuzz_dtlsserver,43:14.8,53:18.4,166,900,4636
12,f4f3c14ff98c7e0f7537e3d3339b5c468315647d,libfuzzer,mbedtls_fuzz_dtlsserver,43:14.7,53:18.4,170,900,4636
13,f4f3c14ff98c7e0f7537e3d3339b5c468315647d,libfuzzer,mbedtls_fuzz_dtlsserver,43:14.8,53:18.4,168,900,4636
14,f4f3c14ff98c7e0f7537e3d3339b5c468315647d,ifcg,mbedtls_fuzz_dtlsserver,43:14.8,53:18.4,160,900,5545
15,f4f3c14ff98c7e0f7537e3d3339b5c468315647d,libfuzzer,mbedtls_fuzz_dtlsserver,43:14.9,53:18.4,163,900,4611
16,f4f3c14ff98c7e0f7537e3d3339b5c468315647d,libfuzzer,mbedtls_fuzz_dtlsserver,43:14.7,53:18.4,167,900,4630
17,f4f3c14ff98c7e0f7537e3d3339b5c468315647d,ifcg,mbedtls_fuzz_dtlsserver,43:14.8,53:18.4,158,900,4611
18,f4f3c14ff98c7e0f7537e3d3339b5c468315647d,libfuzzer,mbedtls_fuzz_dtlsserver,43:14.7,53:18.4,165,900,4611
19,f4f3c14ff98c7e0f7537e3d3339b5c468315647d,ifcg,mbedtls_fuzz_dtlsserver,43:14.8,53:18.4,157,900,5746
20,f4f3c14ff98c7e0f7537e3d3339b5c468315647d,ifcg,mbedtls_fuzz_dtlsserver,43:14.7,53:18.4,152,1800,4611
21,f4f3c14ff98c7e0f7537e3d3339b5c468315647d,ifcg,mbedtls_fuzz_dtlsserver,43:14.8,53:18.4,158,1800,4611
22,f4f3c14ff98c7e0f7537e3d3339b5c468315647d,ifcg,mbedtls_fuzz_dtlsserver,43:14.8,53:18.4,159,1800,4611
23,f4f3c14ff98c7e0f7537e3d3339b5c468315647d,libfuzzer,mbedtls_fuzz_dtlsserver,43:14.8,53:18.4,166,1800,4636
24,f4f3c14ff98c7e0f7537e3d3339b5c468315647d,libfuzzer,mbedtls_fuzz_dtlsserver,43:14.8,53:18.4,168,1800,4636
25,f4f3c14ff98c7e0f7537e3d3339b5c468315647d,libfuzzer,mbedtls_fuzz_dtlsserver,43:14.8,53:18.4,169,1800,4636
26,f4f3c14ff98c7e0f7537e3d3339b5c468315647d,ifcg,mbedtls_fuzz_dtlsserver,43:14.7,53:18.4,156,1800,4630
27,f4f3c14ff98c7e0f7537e3d3339b5c468315647d,ifcg,mbedtls_fuzz_dtlsserver,43:14.8,53:18.4,154,1800,4636
28,f4f3c14ff98c7e0f7537e3d3339b5c468315647d,libfuzzer,mbedtls_fuzz_dtlsserver,43:14.7,53:18.4,167,1800,4630
29,f4f3c14ff98c7e0f7537e3d3339b5c468315647d,libfuzzer,mbedtls_fuzz_dtlsserver,43:14.7,53:18.4,170,1800,4636
30,f4f3c14ff98c7e0f7537e3d3339b5c468315647d,ifcg,mbedtls_fuzz_dtlsserver,43:14.8,53:18.4,160,1800,5572
31,f4f3c14ff98c7e0f7537e3d3339b5c468315647d,libfuzzer,mbedtls_fuzz_dtlsserver,43:14.8,53:18.4,161,1800,4611
32,f4f3c14ff98c7e0f7537e3d3339b5c468315647d,ifcg,mbedtls_fuzz_dtlsserver,43:14.7,53:18.4,151,1800,4611
33,f4f3c14ff98c7e0f7537e3d3339b5c468315647d,libfuzzer,mbedtls_fuzz_dtlsserver,43:14.7,53:18.4,165,1800,4611
34,f4f3c14ff98c7e0f7537e3d3339b5c468315647d,libfuzzer,mbedtls_fuzz_dtlsserver,43:14.8,53:18.4,164,1800,4636
35,f4f3c14ff98c7e0f7537e3d3339b5c468315647d,libfuzzer,mbedtls_fuzz_dtlsserver,43:14.7,53:18.4,162,1800,4611
36,f4f3c14ff98c7e0f7537e3d3339b5c468315647d,ifcg,mbedtls_fuzz_dtlsserver,43:14.7,53:18.4,155,1800,4611
37,f4f3c14ff98c7e0f7537e3d3339b5c468315647d,libfuzzer,mbedtls_fuzz_dtlsserver,43:14.9,53:18.4,163,1800,4611
38,f4f3c14ff98c7e0f7537e3d3339b5c468315647d,ifcg,mbedtls_fuzz_dtlsserver,43:14.8,53:18.4,157,1800,5877
39,f4f3c14ff98c7e0f7537e3d3339b5c468315647d,ifcg,mbedtls_fuzz_dtlsserver,43:14.9,53:18.4,153,1800,5555
40,f4f3c14ff98c7e0f7537e3d3339b5c468315647d,ifcg,mbedtls_fuzz_dtlsserver,43:14.7,53:18.4,151,2700,4611
41,f4f3c14ff98c7e0f7537e3d3339b5c468315647d,ifcg,mbedtls_fuzz_dtlsserver,43:14.8,53:18.4,158,2700,4611
42,f4f3c14ff98c7e0f7537e3d3339b5c468315647d,ifcg,mbedtls_fuzz_dtlsserver,43:14.7,53:18.4,152,2700,4611
43,f4f3c14ff98c7e0f7537e3d3339b5c468315647d,libfuzzer,mbedtls_fuzz_dtlsserver,43:14.8,53:18.4,161,2700,4611
44,f4f3c14ff98c7e0f7537e3d3339b5c468315647d,libfuzzer,mbedtls_fuzz_dtlsserver,43:14.8,53:18.4,166,2700,4636
45,f4f3c14ff98c7e0f7537e3d3339b5c468315647d,libfuzzer,mbedtls_fuzz_dtlsserver,43:14.7,53:18.4,167,2700,4630
46,f4f3c14ff98c7e0f7537e3d3339b5c468315647d,libfuzzer,mbedtls_fuzz_dtlsserver,43:14.8,53:18.4,168,2700,4636
47,f4f3c14ff98c7e0f7537e3d3339b5c468315647d,libfuzzer,mbedtls_fuzz_dtlsserver,43:14.7,53:18.4,170,2700,4636
48,f4f3c14ff98c7e0f7537e3d3339b5c468315647d,ifcg,mbedtls_fuzz_dtlsserver,43:14.8,53:18.4,160,2700,5589
49,f4f3c14ff98c7e0f7537e3d3339b5c468315647d,ifcg,mbedtls_fuzz_dtlsserver,43:14.8,53:18.4,154,2700,4636
50,f4f3c14ff98c7e0f7537e3d3339b5c468315647d,libfuzzer,mbedtls_fuzz_dtlsserver,43:14.8,53:18.4,164,2700,4636
51,f4f3c14ff98c7e0f7537e3d3339b5c468315647d,ifcg,mbedtls_fuzz_dtlsserver,43:14.8,53:18.4,159,2700,4611
52,f4f3c14ff98c7e0f7537e3d3339b5c468315647d,libfuzzer,mbedtls_fuzz_dtlsserver,43:14.7,53:18.4,162,2700,4611
53,f4f3c14ff98c7e0f7537e3d3339b5c468315647d,ifcg,mbedtls_fuzz_dtlsserver,43:14.8,53:18.4,157,2700,5877
54,f4f3c14ff98c7e0f7537e3d3339b5c468315647d,libfuzzer,mbedtls_fuzz_dtlsserver,43:14.7,53:18.4,165,2700,4611
55,f4f3c14ff98c7e0f7537e3d3339b5c468315647d,ifcg,mbedtls_fuzz_dtlsserver,43:14.7,53:18.4,155,2700,4611
56,f4f3c14ff98c7e0f7537e3d3339b5c468315647d,ifcg,mbedtls_fuzz_dtlsserver,43:14.9,53:18.4,153,2700,5560
57,f4f3c14ff98c7e0f7537e3d3339b5c468315647d,libfuzzer,mbedtls_fuzz_dtlsserver,43:14.8,53:18.4,169,2700,4636
58,f4f3c14ff98c7e0f7537e3d3339b5c468315647d,libfuzzer,mbedtls_fuzz_dtlsserver,43:14.9,53:18.4,163,2700,5592
59,f4f3c14ff98c7e0f7537e3d3339b5c468315647d,ifcg,mbedtls_fuzz_dtlsserver,43:14.7,53:18.4,156,2700,5587
60,f4f3c14ff98c7e0f7537e3d3339b5c468315647d,libfuzzer,mbedtls_fuzz_dtlsserver,43:14.8,53:18.4,161,3600,4611
61,f4f3c14ff98c7e0f7537e3d3339b5c468315647d,ifcg,mbedtls_fuzz_dtlsserver,43:14.8,53:18.4,154,3600,4636
62,f4f3c14ff98c7e0f7537e3d3339b5c468315647d,ifcg,mbedtls_fuzz_dtlsserver,43:14.8,53:18.4,158,3600,4611
63,f4f3c14ff98c7e0f7537e3d3339b5c468315647d,libfuzzer,mbedtls_fuzz_dtlsserver,43:14.7,53:18.4,165,3600,4611
64,f4f3c14ff98c7e0f7537e3d3339b5c468315647d,libfuzzer,mbedtls_fuzz_dtlsserver,43:14.8,53:18.4,164,3600,4636
65,f4f3c14ff98c7e0f7537e3d3339b5c468315647d,libfuzzer,mbedtls_fuzz_dtlsserver,43:14.7,53:18.4,167,3600,4630
66,f4f3c14ff98c7e0f7537e3d3339b5c468315647d,ifcg,mbedtls_fuzz_dtlsserver,43:14.7,53:18.4,151,3600,4611
67,f4f3c14ff98c7e0f7537e3d3339b5c468315647d,libfuzzer,mbedtls_fuzz_dtlsserver,43:14.8,53:18.4,166,3600,4636
68,f4f3c14ff98c7e0f7537e3d3339b5c468315647d,libfuzzer,mbedtls_fuzz_dtlsserver,43:14.7,53:18.4,170,3600,4636
69,f4f3c14ff98c7e0f7537e3d3339b5c468315647d,ifcg,mbedtls_fuzz_dtlsserver,43:14.8,53:18.4,160,3600,5589
70,f4f3c14ff98c7e0f7537e3d3339b5c468315647d,ifcg,mbedtls_fuzz_dtlsserver,43:14.7,53:18.4,152,3600,4611
71,f4f3c14ff98c7e0f7537e3d3339b5c468315647d,ifcg,mbedtls_fuzz_dtlsserver,43:14.7,53:18.4,155,3600,4630
72,f4f3c14ff98c7e0f7537e3d3339b5c468315647d,ifcg,mbedtls_fuzz_dtlsserver,43:14.8,53:18.4,159,3600,4611
73,f4f3c14ff98c7e0f7537e3d3339b5c468315647d,libfuzzer,mbedtls_fuzz_dtlsserver,43:14.7,53:18.4,162,3600,4611
74,f4f3c14ff98c7e0f7537e3d3339b5c468315647d,libfuzzer,mbedtls_fuzz_dtlsserver,43:14.8,53:18.4,168,3600,4636
75,f4f3c14ff98c7e0f7537e3d3339b5c468315647d,ifcg,mbedtls_fuzz_dtlsserver,43:14.7,53:18.4,156,3600,5593
76,f4f3c14ff98c7e0f7537e3d3339b5c468315647d,ifcg,mbedtls_fuzz_dtlsserver,43:14.9,53:18.4,153,3600,5560
77,f4f3c14ff98c7e0f7537e3d3339b5c468315647d,ifcg,mbedtls_fuzz_dtlsserver,43:14.8,53:18.4,157,3600,5884
78,f4f3c14ff98c7e0f7537e3d3339b5c468315647d,libfuzzer,mbedtls_fuzz_dtlsserver,43:14.8,53:18.4,169,3600,4636
79,f4f3c14ff98c7e0f7537e3d3339b5c468315647d,libfuzzer,mbedtls_fuzz_dtlsserver,43:14.9,53:18.4,163,3600,5593
80,f4f3c14ff98c7e0f7537e3d3339b5c468315647d,ifcg,mbedtls_fuzz_dtlsserver,43:14.8,53:18.4,154,4500,4636
81,f4f3c14ff98c7e0f7537e3d3339b5c468315647d,ifcg,mbedtls_fuzz_dtlsserver,43:14.8,53:18.4,160,4500,5589
82,f4f3c14ff98c7e0f7537e3d3339b5c468315647d,ifcg,mbedtls_fuzz_dtlsserver,43:14.8,53:18.4,158,4500,4611
83,f4f3c14ff98c7e0f7537e3d3339b5c468315647d,ifcg,mbedtls_fuzz_dtlsserver,43:14.7,53:18.4,152,4500,4611
84,f4f3c14ff98c7e0f7537e3d3339b5c468315647d,ifcg,mbedtls_fuzz_dtlsserver,43:14.7,53:18.4,151,4500,4611
85,f4f3c14ff98c7e0f7537e3d3339b5c468315647d,libfuzzer,mbedtls_fuzz_dtlsserver,43:14.8,53:18.4,166,4500,4636
86,f4f3c14ff98c7e0f7537e3d3339b5c468315647d,ifcg,mbedtls_fuzz_dtlsserver,43:14.7,53:18.4,155,4500,4630
87,f4f3c14ff98c7e0f7537e3d3339b5c468315647d,libfuzzer,mbedtls_fuzz_dtlsserver,43:14.8,53:18.4,164,4500,4636
88,f4f3c14ff98c7e0f7537e3d3339b5c468315647d,ifcg,mbedtls_fuzz_dtlsserver,43:14.8,53:18.4,159,4500,4611
89,f4f3c14ff98c7e0f7537e3d3339b5c468315647d,libfuzzer,mbedtls_fuzz_dtlsserver,43:14.7,53:18.4,165,4500,4611
90,f4f3c14ff98c7e0f7537e3d3339b5c468315647d,libfuzzer,mbedtls_fuzz_dtlsserver,43:14.8,53:18.4,161,4500,4611
91,f4f3c14ff98c7e0f7537e3d3339b5c468315647d,libfuzzer,mbedtls_fuzz_dtlsserver,43:14.8,53:18.4,168,4500,4636
92,f4f3c14ff98c7e0f7537e3d3339b5c468315647d,libfuzzer,mbedtls_fuzz_dtlsserver,43:14.7,53:18.4,167,4500,4630
93,f4f3c14ff98c7e0f7537e3d3339b5c468315647d,libfuzzer,mbedtls_fuzz_dtlsserver,43:14.7,53:18.4,162,4500,4611
94,f4f3c14ff98c7e0f7537e3d3339b5c468315647d,libfuzzer,mbedtls_fuzz_dtlsserver,43:14.7,53:18.4,170,4500,4636
95,f4f3c14ff98c7e0f7537e3d3339b5c468315647d,libfuzzer,mbedtls_fuzz_dtlsserver,43:14.8,53:18.4,169,4500,4636
96,f4f3c14ff98c7e0f7537e3d3339b5c468315647d,ifcg,mbedtls_fuzz_dtlsserver,43:14.9,53:18.4,153,4500,5560
97,f4f3c14ff98c7e0f7537e3d3339b5c468315647d,ifcg,mbedtls_fuzz_dtlsserver,43:14.8,53:18.4,157,4500,5901
98,f4f3c14ff98c7e0f7537e3d3339b5c468315647d,libfuzzer,mbedtls_fuzz_dtlsserver,43:14.9,53:18.4,163,4500,5598
99,f4f3c14ff98c7e0f7537e3d3339b5c468315647d,ifcg,mbedtls_fuzz_dtlsserver,43:14.7,53:18.4,156,4500,5598
100,f4f3c14ff98c7e0f7537e3d3339b5c468315647d,ifcg,mbedtls_fuzz_dtlsserver,43:14.7,53:18.4,152,5400,4611
101,f4f3c14ff98c7e0f7537e3d3339b5c468315647d,ifcg,mbedtls_fuzz_dtlsserver,43:14.7,53:18.4,151,5400,4611
102,f4f3c14ff98c7e0f7537e3d3339b5c468315647d,ifcg,mbedtls_fuzz_dtlsserver,43:14.8,53:18.4,160,5400,5589
103,f4f3c14ff98c7e0f7537e3d3339b5c468315647d,ifcg,mbedtls_fuzz_dtlsserver,43:14.8,53:18.4,159,5400,4611
104,f4f3c14ff98c7e0f7537e3d3339b5c468315647d,libfuzzer,mbedtls_fuzz_dtlsserver,43:14.8,53:18.4,161,5400,4611
105,f4f3c14ff98c7e0f7537e3d3339b5c468315647d,ifcg,mbedtls_fuzz_dtlsserver,43:14.8,53:18.4,154,5400,4636
106,f4f3c14ff98c7e0f7537e3d3339b5c468315647d,ifcg,mbedtls_fuzz_dtlsserver,43:14.8,53:18.4,158,5400,4611
107,f4f3c14ff98c7e0f7537e3d3339b5c468315647d,libfuzzer,mbedtls_fuzz_dtlsserver,43:14.7,53:18.4,162,5400,4611
108,f4f3c14ff98c7e0f7537e3d3339b5c468315647d,libfuzzer,mbedtls_fuzz_dtlsserver,43:14.8,53:18.4,166,5400,4636
109,f4f3c14ff98c7e0f7537e3d3339b5c468315647d,libfuzzer,mbedtls_fuzz_dtlsserver,43:14.8,53:18.4,168,5400,4636
110,f4f3c14ff98c7e0f7537e3d3339b5c468315647d,libfuzzer,mbedtls_fuzz_dtlsserver,43:14.7,53:18.4,170,5400,4636
111,f4f3c14ff98c7e0f7537e3d3339b5c468315647d,libfuzzer,mbedtls_fuzz_dtlsserver,43:14.8,53:18.4,164,5400,4636
112,f4f3c14ff98c7e0f7537e3d3339b5c468315647d,libfuzzer,mbedtls_fuzz_dtlsserver,43:14.8,53:18.4,169,5400,4636
113,f4f3c14ff98c7e0f7537e3d3339b5c468315647d,libfuzzer,mbedtls_fuzz_dtlsserver,43:14.7,53:18.4,165,5400,4611
114,f4f3c14ff98c7e0f7537e3d3339b5c468315647d,libfuzzer,mbedtls_fuzz_dtlsserver,43:14.9,53:18.4,163,5400,5598
115,f4f3c14ff98c7e0f7537e3d3339b5c468315647d,ifcg,mbedtls_fuzz_dtlsserver,43:14.9,53:18.4,153,5400,5560
116,f4f3c14ff98c7e0f7537e3d3339b5c468315647d,ifcg,mbedtls_fuzz_dtlsserver,43:14.7,53:18.4,156,5400,5598
117,f4f3c14ff98c7e0f7537e3d3339b5c468315647d,libfuzzer,mbedtls_fuzz_dtlsserver,43:14.7,53:18.4,167,5400,4866
118,f4f3c14ff98c7e0f7537e3d3339b5c468315647d,ifcg,mbedtls_fuzz_dtlsserver,43:14.8,53:18.4,157,5400,5901
119,f4f3c14ff98c7e0f7537e3d3339b5c468315647d,ifcg,mbedtls_fuzz_dtlsserver,43:14.7,53:18.4,155,5400,5555
120,f4f3c14ff98c7e0f7537e3d3339b5c468315647d,ifcg,mbedtls_fuzz_dtlsserver,43:14.7,53:18.4,151,6300,4611
121,f4f3c14ff98c7e0f7537e3d3339b5c468315647d,ifcg,mbedtls_fuzz_dtlsserver,43:14.7,53:18.4,152,6300,4611
122,f4f3c14ff98c7e0f7537e3d3339b5c468315647d,ifcg,mbedtls_fuzz_dtlsserver,43:14.9,53:18.4,153,6300,5560
123,f4f3c14ff98c7e0f7537e3d3339b5c468315647d,ifcg,mbedtls_fuzz_dtlsserver,43:14.7,53:18.4,156,6300,5598
124,f4f3c14ff98c7e0f7537e3d3339b5c468315647d,ifcg,mbedtls_fuzz_dtlsserver,43:14.8,53:18.4,158,6300,4611
125,f4f3c14ff98c7e0f7537e3d3339b5c468315647d,libfuzzer,mbedtls_fuzz_dtlsserver,43:14.8,53:18.4,161,6300,4611
126,f4f3c14ff98c7e0f7537e3d3339b5c468315647d,libfuzzer,mbedtls_fuzz_dtlsserver,43:14.8,53:18.4,169,6300,4636
127,f4f3c14ff98c7e0f7537e3d3339b5c468315647d,libfuzzer,mbedtls_fuzz_dtlsserver,43:14.7,53:18.4,162,6300,4611
128,f4f3c14ff98c7e0f7537e3d3339b5c468315647d,libfuzzer,mbedtls_fuzz_dtlsserver,43:14.7,53:18.4,165,6300,4611
129,f4f3c14ff98c7e0f7537e3d3339b5c468315647d,ifcg,mbedtls_fuzz_dtlsserver,43:14.8,53:18.4,159,6300,4611
130,f4f3c14ff98c7e0f7537e3d3339b5c468315647d,libfuzzer,mbedtls_fuzz_dtlsserver,43:14.8,53:18.4,166,6300,4636
131,f4f3c14ff98c7e0f7537e3d3339b5c468315647d,libfuzzer,mbedtls_fuzz_dtlsserver,43:14.7,53:18.4,170,6300,4636
132,f4f3c14ff98c7e0f7537e3d3339b5c468315647d,libfuzzer,mbedtls_fuzz_dtlsserver,43:14.8,53:18.4,164,6300,4636
133,f4f3c14ff98c7e0f7537e3d3339b5c468315647d,libfuzzer,mbedtls_fuzz_dtlsserver,43:14.8,53:18.4,168,6300,4636
134,f4f3c14ff98c7e0f7537e3d3339b5c468315647d,ifcg,mbedtls_fuzz_dtlsserver,43:14.8,53:18.4,154,6300,4636
135,f4f3c14ff98c7e0f7537e3d3339b5c468315647d,libfuzzer,mbedtls_fuzz_dtlsserver,43:14.7,53:18.4,167,6300,4984
136,f4f3c14ff98c7e0f7537e3d3339b5c468315647d,ifcg,mbedtls_fuzz_dtlsserver,43:14.8,53:18.4,160,6300,5595
137,f4f3c14ff98c7e0f7537e3d3339b5c468315647d,ifcg,mbedtls_fuzz_dtlsserver,43:14.8,53:18.4,157,6300,5901
138,f4f3c14ff98c7e0f7537e3d3339b5c468315647d,libfuzzer,mbedtls_fuzz_dtlsserver,43:14.9,53:18.4,163,6300,5598
139,f4f3c14ff98c7e0f7537e3d3339b5c468315647d,ifcg,mbedtls_fuzz_dtlsserver,43:14.7,53:18.4,155,6300,5649
140,f4f3c14ff98c7e0f7537e3d3339b5c468315647d,ifcg,mbedtls_fuzz_dtlsserver,43:14.8,53:18.4,154,7200,4636
141,f4f3c14ff98c7e0f7537e3d3339b5c468315647d,ifcg,mbedtls_fuzz_dtlsserver,43:14.7,53:18.4,151,7200,4611
142,f4f3c14ff98c7e0f7537e3d3339b5c468315647d,ifcg,mbedtls_fuzz_dtlsserver,43:14.9,53:18.4,153,7200,5560
143,f4f3c14ff98c7e0f7537e3d3339b5c468315647d,libfuzzer,mbedtls_fuzz_dtlsserver,43:14.8,53:18.4,166,7200,4636
144,f4f3c14ff98c7e0f7537e3d3339b5c468315647d,ifcg,mbedtls_fuzz_dtlsserver,43:14.8,53:18.4,160,7200,5595
145,f4f3c14ff98c7e0f7537e3d3339b5c468315647d,ifcg,mbedtls_fuzz_dtlsserver,43:14.8,53:18.4,159,7200,4611
146,f4f3c14ff98c7e0f7537e3d3339b5c468315647d,ifcg,mbedtls_fuzz_dtlsserver,43:14.8,53:18.4,158,7200,4611
147,f4f3c14ff98c7e0f7537e3d3339b5c468315647d,libfuzzer,mbedtls_fuzz_dtlsserver,43:14.8,53:18.4,164,7200,4636
148,f4f3c14ff98c7e0f7537e3d3339b5c468315647d,libfuzzer,mbedtls_fuzz_dtlsserver,43:14.7,53:18.4,165,7200,4611
149,f4f3c14ff98c7e0f7537e3d3339b5c468315647d,libfuzzer,mbedtls_fuzz_dtlsserver,43:14.7,53:18.4,170,7200,4636
150,f4f3c14ff98c7e0f7537e3d3339b5c468315647d,libfuzzer,mbedtls_fuzz_dtlsserver,43:14.7,53:18.4,162,7200,4611
151,f4f3c14ff98c7e0f7537e3d3339b5c468315647d,libfuzzer,mbedtls_fuzz_dtlsserver,43:14.8,53:18.4,169,7200,4636
152,f4f3c14ff98c7e0f7537e3d3339b5c468315647d,libfuzzer,mbedtls_fuzz_dtlsserver,43:14.9,53:18.4,163,7200,5598
153,f4f3c14ff98c7e0f7537e3d3339b5c468315647d,libfuzzer,mbedtls_fuzz_dtlsserver,43:14.8,53:18.4,168,7200,4636
154,f4f3c14ff98c7e0f7537e3d3339b5c468315647d,libfuzzer,mbedtls_fuzz_dtlsserver,43:14.8,53:18.4,161,7200,4611
155,f4f3c14ff98c7e0f7537e3d3339b5c468315647d,ifcg,mbedtls_fuzz_dtlsserver,43:14.7,53:18.4,152,7200,4630
156,f4f3c14ff98c7e0f7537e3d3339b5c468315647d,ifcg,mbedtls_fuzz_dtlsserver,43:14.7,53:18.4,156,7200,5598
157,f4f3c14ff98c7e0f7537e3d3339b5c468315647d,libfuzzer,mbedtls_fuzz_dtlsserver,43:14.7,53:18.4,167,7200,4984
158,f4f3c14ff98c7e0f7537e3d3339b5c468315647d,ifcg,mbedtls_fuzz_dtlsserver,43:14.7,53:18.4,155,7200,5685
159,f4f3c14ff98c7e0f7537e3d3339b5c468315647d,ifcg,mbedtls_fuzz_dtlsserver,43:14.8,53:18.4,157,7200,5901
160,f4f3c14ff98c7e0f7537e3d3339b5c468315647d,ifcg,mbedtls_fuzz_dtlsserver,43:14.8,53:18.4,158,8100,4611
161,f4f3c14ff98c7e0f7537e3d3339b5c468315647d,ifcg,mbedtls_fuzz_dtlsserver,43:14.8,53:18.4,157,8100,5901
162,f4f3c14ff98c7e0f7537e3d3339b5c468315647d,ifcg,mbedtls_fuzz_dtlsserver,43:14.7,53:18.4,151,8100,4611
163,f4f3c14ff98c7e0f7537e3d3339b5c468315647d,libfuzzer,mbedtls_fuzz_dtlsserver,43:14.7,53:18.4,165,8100,4611
164,f4f3c14ff98c7e0f7537e3d3339b5c468315647d,libfuzzer,mbedtls_fuzz_dtlsserver,43:14.7,53:18.4,162,8100,4611
165,f4f3c14ff98c7e0f7537e3d3339b5c468315647d,ifcg,mbedtls_fuzz_dtlsserver,43:14.8,53:18.4,154,8100,4636
166,f4f3c14ff98c7e0f7537e3d3339b5c468315647d,libfuzzer,mbedtls_fuzz_dtlsserver,43:14.7,53:18.4,167,8100,4984
167,f4f3c14ff98c7e0f7537e3d3339b5c468315647d,ifcg,mbedtls_fuzz_dtlsserver,43:14.8,53:18.4,159,8100,4611
168,f4f3c14ff98c7e0f7537e3d3339b5c468315647d,libfuzzer,mbedtls_fuzz_dtlsserver,43:14.8,53:18.4,169,8100,4636
169,f4f3c14ff98c7e0f7537e3d3339b5c468315647d,libfuzzer,mbedtls_fuzz_dtlsserver,43:14.7,53:18.4,170,8100,4636
170,f4f3c14ff98c7e0f7537e3d3339b5c468315647d,libfuzzer,mbedtls_fuzz_dtlsserver,43:14.8,53:18.4,164,8100,4636
171,f4f3c14ff98c7e0f7537e3d3339b5c468315647d,libfuzzer,mbedtls_fuzz_dtlsserver,43:14.8,53:18.4,168,8100,4636
172,f4f3c14ff98c7e0f7537e3d3339b5c468315647d,libfuzzer,mbedtls_fuzz_dtlsserver,43:14.8,53:18.4,166,8100,4636
173,f4f3c14ff98c7e0f7537e3d3339b5c468315647d,ifcg,mbedtls_fuzz_dtlsserver,43:14.8,53:18.4,160,8100,5595
174,f4f3c14ff98c7e0f7537e3d3339b5c468315647d,ifcg,mbedtls_fuzz_dtlsserver,43:14.7,53:18.4,152,8100,5679
175,f4f3c14ff98c7e0f7537e3d3339b5c468315647d,libfuzzer,mbedtls_fuzz_dtlsserver,43:14.9,53:18.4,163,8100,5598
176,f4f3c14ff98c7e0f7537e3d3339b5c468315647d,libfuzzer,mbedtls_fuzz_dtlsserver,43:14.8,53:18.4,161,8100,4611
177,f4f3c14ff98c7e0f7537e3d3339b5c468315647d,ifcg,mbedtls_fuzz_dtlsserver,43:14.7,53:18.4,156,8100,5598
178,f4f3c14ff98c7e0f7537e3d3339b5c468315647d,ifcg,mbedtls_fuzz_dtlsserver,43:14.7,53:18.4,155,8100,5692
179,f4f3c14ff98c7e0f7537e3d3339b5c468315647d,ifcg,mbedtls_fuzz_dtlsserver,43:14.9,53:18.4,153,8100,5560
180,f4f3c14ff98c7e0f7537e3d3339b5c468315647d,libfuzzer,mbedtls_fuzz_dtlsserver,43:14.8,53:18.4,161,9000,4611
181,f4f3c14ff98c7e0f7537e3d3339b5c468315647d,ifcg,mbedtls_fuzz_dtlsserver,43:14.8,53:18.4,158,9000,4611
182,f4f3c14ff98c7e0f7537e3d3339b5c468315647d,ifcg,mbedtls_fuzz_dtlsserver,43:14.8,53:18.4,154,9000,4636
183,f4f3c14ff98c7e0f7537e3d3339b5c468315647d,libfuzzer,mbedtls_fuzz_dtlsserver,43:14.7,53:18.4,165,9000,4611
184,f4f3c14ff98c7e0f7537e3d3339b5c468315647d,libfuzzer,mbedtls_fuzz_dtlsserver,43:14.7,53:18.4,162,9000,4611
185,f4f3c14ff98c7e0f7537e3d3339b5c468315647d,libfuzzer,mbedtls_fuzz_dtlsserver,43:14.8,53:18.4,166,9000,4636
186,f4f3c14ff98c7e0f7537e3d3339b5c468315647d,libfuzzer,mbedtls_fuzz_dtlsserver,43:14.8,53:18.4,164,9000,4636
187,f4f3c14ff98c7e0f7537e3d3339b5c468315647d,libfuzzer,mbedtls_fuzz_dtlsserver,43:14.8,53:18.4,168,9000,4636
188,f4f3c14ff98c7e0f7537e3d3339b5c468315647d,libfuzzer,mbedtls_fuzz_dtlsserver,43:14.8,53:18.4,169,9000,4636
189,f4f3c14ff98c7e0f7537e3d3339b5c468315647d,libfuzzer,mbedtls_fuzz_dtlsserver,43:14.7,53:18.4,170,9000,4636
190,f4f3c14ff98c7e0f7537e3d3339b5c468315647d,ifcg,mbedtls_fuzz_dtlsserver,43:14.8,53:18.4,159,9000,4611
191,f4f3c14ff98c7e0f7537e3d3339b5c468315647d,ifcg,mbedtls_fuzz_dtlsserver,43:14.7,53:18.4,151,9000,4611
192,f4f3c14ff98c7e0f7537e3d3339b5c468315647d,libfuzzer,mbedtls_fuzz_dtlsserver,43:14.9,53:18.4,163,9000,5598
193,f4f3c14ff98c7e0f7537e3d3339b5c468315647d,ifcg,mbedtls_fuzz_dtlsserver,43:14.9,53:18.4,153,9000,5566
194,f4f3c14ff98c7e0f7537e3d3339b5c468315647d,ifcg,mbedtls_fuzz_dtlsserver,43:14.8,53:18.4,160,9000,5595
195,f4f3c14ff98c7e0f7537e3d3339b5c468315647d,ifcg,mbedtls_fuzz_dtlsserver,43:14.7,53:18.4,156,9000,5598
196,f4f3c14ff98c7e0f7537e3d3339b5c468315647d,ifcg,mbedtls_fuzz_dtlsserver,43:14.8,53:18.4,157,9000,5901
197,f4f3c14ff98c7e0f7537e3d3339b5c468315647d,libfuzzer,mbedtls_fuzz_dtlsserver,43:14.7,53:18.4,167,9000,5591
198,f4f3c14ff98c7e0f7537e3d3339b5c468315647d,ifcg,mbedtls_fuzz_dtlsserver,43:14.7,53:18.4,155,9000,5913
199,f4f3c14ff98c7e0f7537e3d3339b5c468315647d,ifcg,mbedtls_fuzz_dtlsserver,43:14.7,53:18.4,152,9000,5879
200,f4f3c14ff98c7e0f7537e3d3339b5c468315647d,ifcg,mbedtls_fuzz_dtlsserver,43:14.7,53:18.4,151,9900,4611
201,f4f3c14ff98c7e0f7537e3d3339b5c468315647d,ifcg,mbedtls_fuzz_dtlsserver,43:14.8,53:18.4,158,9900,4611
202,f4f3c14ff98c7e0f7537e3d3339b5c468315647d,ifcg,mbedtls_fuzz_dtlsserver,43:14.8,53:18.4,154,9900,4636
203,f4f3c14ff98c7e0f7537e3d3339b5c468315647d,libfuzzer,mbedtls_fuzz_dtlsserver,43:14.8,53:18.4,164,9900,4636
204,f4f3c14ff98c7e0f7537e3d3339b5c468315647d,ifcg,mbedtls_fuzz_dtlsserver,43:14.8,53:18.4,159,9900,4611
205,f4f3c14ff98c7e0f7537e3d3339b5c468315647d,libfuzzer,mbedtls_fuzz_dtlsserver,43:14.8,53:18.4,168,9900,4636
206,f4f3c14ff98c7e0f7537e3d3339b5c468315647d,libfuzzer,mbedtls_fuzz_dtlsserver,43:14.8,53:18.4,161,9900,4611
207,f4f3c14ff98c7e0f7537e3d3339b5c468315647d,libfuzzer,mbedtls_fuzz_dtlsserver,43:14.7,53:18.4,162,9900,4611
208,f4f3c14ff98c7e0f7537e3d3339b5c468315647d,libfuzzer,mbedtls_fuzz_dtlsserver,43:14.7,53:18.4,170,9900,4636
209,f4f3c14ff98c7e0f7537e3d3339b5c468315647d,libfuzzer,mbedtls_fuzz_dtlsserver,43:14.8,53:18.4,169,9900,4636
210,f4f3c14ff98c7e0f7537e3d3339b5c468315647d,libfuzzer,mbedtls_fuzz_dtlsserver,43:14.7,53:18.4,165,9900,4611
211,f4f3c14ff98c7e0f7537e3d3339b5c468315647d,libfuzzer,mbedtls_fuzz_dtlsserver,43:14.8,53:18.4,166,9900,4636
212,f4f3c14ff98c7e0f7537e3d3339b5c468315647d,ifcg,mbedtls_fuzz_dtlsserver,43:14.8,53:18.4,160,9900,5595
213,f4f3c14ff98c7e0f7537e3d3339b5c468315647d,ifcg,mbedtls_fuzz_dtlsserver,43:14.9,53:18.4,153,9900,5566
214,f4f3c14ff98c7e0f7537e3d3339b5c468315647d,libfuzzer,mbedtls_fuzz_dtlsserver,43:14.9,53:18.4,163,9900,5598
215,f4f3c14ff98c7e0f7537e3d3339b5c468315647d,ifcg,mbedtls_fuzz_dtlsserver,43:14.7,53:18.4,152,9900,5890
216,f4f3c14ff98c7e0f7537e3d3339b5c468315647d,ifcg,mbedtls_fuzz_dtlsserver,43:14.8,53:18.4,157,9900,5907
217,f4f3c14ff98c7e0f7537e3d3339b5c468315647d,ifcg,mbedtls_fuzz_dtlsserver,43:14.7,53:18.4,156,9900,5598
218,f4f3c14ff98c7e0f7537e3d3339b5c468315647d,libfuzzer,mbedtls_fuzz_dtlsserver,43:14.7,53:18.4,167,9900,5683
219,f4f3c14ff98c7e0f7537e3d3339b5c468315647d,ifcg,mbedtls_fuzz_dtlsserver,43:14.7,53:18.4,155,9900,5915
220,f4f3c14ff98c7e0f7537e3d3339b5c468315647d,libfuzzer,mbedtls_fuzz_dtlsserver,43:14.8,53:18.4,164,10800,4636
221,f4f3c14ff98c7e0f7537e3d3339b5c468315647d,ifcg,mbedtls_fuzz_dtlsserver,43:14.8,53:18.4,158,10800,4611
222,f4f3c14ff98c7e0f7537e3d3339b5c468315647d,ifcg,mbedtls_fuzz_dtlsserver,43:14.9,53:18.4,153,10800,5566
223,f4f3c14ff98c7e0f7537e3d3339b5c468315647d,ifcg,mbedtls_fuzz_dtlsserver,43:14.8,53:18.4,159,10800,4611
224,f4f3c14ff98c7e0f7537e3d3339b5c468315647d,libfuzzer,mbedtls_fuzz_dtlsserver,43:14.7,53:18.4,165,10800,4611
225,f4f3c14ff98c7e0f7537e3d3339b5c468315647d,ifcg,mbedtls_fuzz_dtlsserver,43:14.7,53:18.4,151,10800,4611
226,f4f3c14ff98c7e0f7537e3d3339b5c468315647d,ifcg,mbedtls_fuzz_dtlsserver,43:14.8,53:18.4,154,10800,4636
227,f4f3c14ff98c7e0f7537e3d3339b5c468315647d,libfuzzer,mbedtls_fuzz_dtlsserver,43:14.8,53:18.4,161,10800,4611
228,f4f3c14ff98c7e0f7537e3d3339b5c468315647d,ifcg,mbedtls_fuzz_dtlsserver,43:14.8,53:18.4,160,10800,5595
229,f4f3c14ff98c7e0f7537e3d3339b5c468315647d,libfuzzer,mbedtls_fuzz_dtlsserver,43:14.8,53:18.4,166,10800,4636
230,f4f3c14ff98c7e0f7537e3d3339b5c468315647d,libfuzzer,mbedtls_fuzz_dtlsserver,43:14.9,53:18.4,163,10800,5598
231,f4f3c14ff98c7e0f7537e3d3339b5c468315647d,libfuzzer,mbedtls_fuzz_dtlsserver,43:14.8,53:18.4,168,10800,4636
232,f4f3c14ff98c7e0f7537e3d3339b5c468315647d,libfuzzer,mbedtls_fuzz_dtlsserver,43:14.7,53:18.4,170,10800,4636
233,f4f3c14ff98c7e0f7537e3d3339b5c468315647d,libfuzzer,mbedtls_fuzz_dtlsserver,43:14.7,53:18.4,162,10800,4611
234,f4f3c14ff98c7e0f7537e3d3339b5c468315647d,libfuzzer,mbedtls_fuzz_dtlsserver,43:14.8,53:18.4,169,10800,4636
235,f4f3c14ff98c7e0f7537e3d3339b5c468315647d,ifcg,mbedtls_fuzz_dtlsserver,43:14.7,53:18.4,156,10800,5598
236,f4f3c14ff98c7e0f7537e3d3339b5c468315647d,libfuzzer,mbedtls_fuzz_dtlsserver,43:14.7,53:18.4,167,10800,5725
237,f4f3c14ff98c7e0f7537e3d3339b5c468315647d,ifcg,mbedtls_fuzz_dtlsserver,43:14.7,53:18.4,152,10800,5912
238,f4f3c14ff98c7e0f7537e3d3339b5c468315647d,ifcg,mbedtls_fuzz_dtlsserver,43:14.8,53:18.4,157,10800,5917
239,f4f3c14ff98c7e0f7537e3d3339b5c468315647d,ifcg,mbedtls_fuzz_dtlsserver,43:14.7,53:18.4,155,10800,5923
240,f4f3c14ff98c7e0f7537e3d3339b5c468315647d,ifcg,mbedtls_fuzz_dtlsserver,43:14.8,53:18.4,158,11700,4611
241,f4f3c14ff98c7e0f7537e3d3339b5c468315647d,ifcg,mbedtls_fuzz_dtlsserver,43:14.8,53:18.4,159,11700,4611
242,f4f3c14ff98c7e0f7537e3d3339b5c468315647d,ifcg,mbedtls_fuzz_dtlsserver,43:14.8,53:18.4,154,11700,4636
243,f4f3c14ff98c7e0f7537e3d3339b5c468315647d,ifcg,mbedtls_fuzz_dtlsserver,43:14.7,53:18.4,151,11700,4611
244,f4f3c14ff98c7e0f7537e3d3339b5c468315647d,ifcg,mbedtls_fuzz_dtlsserver,43:14.8,53:18.4,160,11700,5595
245,f4f3c14ff98c7e0f7537e3d3339b5c468315647d,libfuzzer,mbedtls_fuzz_dtlsserver,43:14.8,53:18.4,161,11700,4611
246,f4f3c14ff98c7e0f7537e3d3339b5c468315647d,libfuzzer,mbedtls_fuzz_dtlsserver,43:14.7,53:18.4,165,11700,4611
247,f4f3c14ff98c7e0f7537e3d3339b5c468315647d,libfuzzer,mbedtls_fuzz_dtlsserver,43:14.8,53:18.4,164,11700,4636
248,f4f3c14ff98c7e0f7537e3d3339b5c468315647d,libfuzzer,mbedtls_fuzz_dtlsserver,43:14.8,53:18.4,166,11700,4636
249,f4f3c14ff98c7e0f7537e3d3339b5c468315647d,libfuzzer,mbedtls_fuzz_dtlsserver,43:14.8,53:18.4,169,11700,4636
250,f4f3c14ff98c7e0f7537e3d3339b5c468315647d,libfuzzer,mbedtls_fuzz_dtlsserver,43:14.7,53:18.4,162,11700,4611
251,f4f3c14ff98c7e0f7537e3d3339b5c468315647d,libfuzzer,mbedtls_fuzz_dtlsserver,43:14.7,53:18.4,170,11700,4636
252,f4f3c14ff98c7e0f7537e3d3339b5c468315647d,libfuzzer,mbedtls_fuzz_dtlsserver,43:14.8,53:18.4,168,11700,4636
253,f4f3c14ff98c7e0f7537e3d3339b5c468315647d,ifcg,mbedtls_fuzz_dtlsserver,43:14.9,53:18.4,153,11700,5566
254,f4f3c14ff98c7e0f7537e3d3339b5c468315647d,libfuzzer,mbedtls_fuzz_dtlsserver,43:14.7,53:18.4,167,11700,5730
255,f4f3c14ff98c7e0f7537e3d3339b5c468315647d,libfuzzer,mbedtls_fuzz_dtlsserver,43:14.9,53:18.4,163,11700,5608
256,f4f3c14ff98c7e0f7537e3d3339b5c468315647d,ifcg,mbedtls_fuzz_dtlsserver,43:14.8,53:18.4,157,11700,5917
257,f4f3c14ff98c7e0f7537e3d3339b5c468315647d,ifcg,mbedtls_fuzz_dtlsserver,43:14.7,53:18.4,152,11700,5914
258,f4f3c14ff98c7e0f7537e3d3339b5c468315647d,ifcg,mbedtls_fuzz_dtlsserver,43:14.7,53:18.4,156,11700,5598
259,f4f3c14ff98c7e0f7537e3d3339b5c468315647d,ifcg,mbedtls_fuzz_dtlsserver,43:14.7,53:18.4,155,11700,5925
260,f4f3c14ff98c7e0f7537e3d3339b5c468315647d,ifcg,mbedtls_fuzz_dtlsserver,43:14.8,53:18.4,158,12600,4611
261,f4f3c14ff98c7e0f7537e3d3339b5c468315647d,ifcg,mbedtls_fuzz_dtlsserver,43:14.8,53:18.4,154,12600,4636
262,f4f3c14ff98c7e0f7537e3d3339b5c468315647d,ifcg,mbedtls_fuzz_dtlsserver,43:14.7,53:18.4,151,12600,4611
263,f4f3c14ff98c7e0f7537e3d3339b5c468315647d,ifcg,mbedtls_fuzz_dtlsserver,43:14.8,53:18.4,159,12600,4611
264,f4f3c14ff98c7e0f7537e3d3339b5c468315647d,ifcg,mbedtls_fuzz_dtlsserver,43:14.7,53:18.4,156,12600,5598
265,f4f3c14ff98c7e0f7537e3d3339b5c468315647d,ifcg,mbedtls_fuzz_dtlsserver,43:14.9,53:18.4,153,12600,5566
266,f4f3c14ff98c7e0f7537e3d3339b5c468315647d,libfuzzer,mbedtls_fuzz_dtlsserver,43:14.8,53:18.4,166,12600,4636
267,f4f3c14ff98c7e0f7537e3d3339b5c468315647d,ifcg,mbedtls_fuzz_dtlsserver,43:14.8,53:18.4,160,12600,5595
268,f4f3c14ff98c7e0f7537e3d3339b5c468315647d,libfuzzer,mbedtls_fuzz_dtlsserver,43:14.8,53:18.4,161,12600,4611
269,f4f3c14ff98c7e0f7537e3d3339b5c468315647d,libfuzzer,mbedtls_fuzz_dtlsserver,43:14.7,53:18.4,170,12600,4636
270,f4f3c14ff98c7e0f7537e3d3339b5c468315647d,libfuzzer,mbedtls_fuzz_dtlsserver,43:14.7,53:18.4,165,12600,4611
271,f4f3c14ff98c7e0f7537e3d3339b5c468315647d,libfuzzer,mbedtls_fuzz_dtlsserver,43:14.8,53:18.4,164,12600,4636
272,f4f3c14ff98c7e0f7537e3d3339b5c468315647d,libfuzzer,mbedtls_fuzz_dtlsserver,43:14.7,53:18.4,162,12600,4611
273,f4f3c14ff98c7e0f7537e3d3339b5c468315647d,libfuzzer,mbedtls_fuzz_dtlsserver,43:14.8,53:18.4,169,12600,4636
274,f4f3c14ff98c7e0f7537e3d3339b5c468315647d,libfuzzer,mbedtls_fuzz_dtlsserver,43:14.8,53:18.4,168,12600,4636
275,f4f3c14ff98c7e0f7537e3d3339b5c468315647d,libfuzzer,mbedtls_fuzz_dtlsserver,43:14.9,53:18.4,163,12600,5608
276,f4f3c14ff98c7e0f7537e3d3339b5c468315647d,ifcg,mbedtls_fuzz_dtlsserver,43:14.7,53:18.4,152,12600,5916
277,f4f3c14ff98c7e0f7537e3d3339b5c468315647d,ifcg,mbedtls_fuzz_dtlsserver,43:14.8,53:18.4,157,12600,5917
278,f4f3c14ff98c7e0f7537e3d3339b5c468315647d,libfuzzer,mbedtls_fuzz_dtlsserver,43:14.7,53:18.4,167,12600,5759
279,f4f3c14ff98c7e0f7537e3d3339b5c468315647d,ifcg,mbedtls_fuzz_dtlsserver,43:14.7,53:18.4,155,12600,5932
280,f4f3c14ff98c7e0f7537e3d3339b5c468315647d,ifcg,mbedtls_fuzz_dtlsserver,43:14.7,53:18.4,151,13500,4611
281,f4f3c14ff98c7e0f7537e3d3339b5c468315647d,ifcg,mbedtls_fuzz_dtlsserver,43:14.7,53:18.4,156,13500,5598
282,f4f3c14ff98c7e0f7537e3d3339b5c468315647d,ifcg,mbedtls_fuzz_dtlsserver,43:14.8,53:18.4,154,13500,4636
283,f4f3c14ff98c7e0f7537e3d3339b5c468315647d,ifcg,mbedtls_fuzz_dtlsserver,43:14.9,53:18.4,153,13500,5566
284,f4f3c14ff98c7e0f7537e3d3339b5c468315647d,ifcg,mbedtls_fuzz_dtlsserver,43:14.8,53:18.4,158,13500,4611
285,f4f3c14ff98c7e0f7537e3d3339b5c468315647d,libfuzzer,mbedtls_fuzz_dtlsserver,43:14.7,53:18.4,165,13500,4611
286,f4f3c14ff98c7e0f7537e3d3339b5c468315647d,libfuzzer,mbedtls_fuzz_dtlsserver,43:14.9,53:18.4,163,13500,5608
287,f4f3c14ff98c7e0f7537e3d3339b5c468315647d,libfuzzer,mbedtls_fuzz_dtlsserver,43:14.8,53:18.4,164,13500,4636
288,f4f3c14ff98c7e0f7537e3d3339b5c468315647d,libfuzzer,mbedtls_fuzz_dtlsserver,43:14.8,53:18.4,161,13500,4611
289,f4f3c14ff98c7e0f7537e3d3339b5c468315647d,ifcg,mbedtls_fuzz_dtlsserver,43:14.8,53:18.4,160,13500,5595
290,f4f3c14ff98c7e0f7537e3d3339b5c468315647d,libfuzzer,mbedtls_fuzz_dtlsserver,43:14.8,53:18.4,168,13500,4636
291,f4f3c14ff98c7e0f7537e3d3339b5c468315647d,libfuzzer,mbedtls_fuzz_dtlsserver,43:14.7,53:18.4,170,13500,4636
292,f4f3c14ff98c7e0f7537e3d3339b5c468315647d,libfuzzer,mbedtls_fuzz_dtlsserver,43:14.8,53:18.4,166,13500,4636
293,f4f3c14ff98c7e0f7537e3d3339b5c468315647d,libfuzzer,mbedtls_fuzz_dtlsserver,43:14.8,53:18.4,169,13500,4636
294,f4f3c14ff98c7e0f7537e3d3339b5c468315647d,libfuzzer,mbedtls_fuzz_dtlsserver,43:14.7,53:18.4,162,13500,4611
295,f4f3c14ff98c7e0f7537e3d3339b5c468315647d,ifcg,mbedtls_fuzz_dtlsserver,43:14.8,53:18.4,159,13500,4611
296,f4f3c14ff98c7e0f7537e3d3339b5c468315647d,ifcg,mbedtls_fuzz_dtlsserver,43:14.7,53:18.4,155,13500,5932
297,f4f3c14ff98c7e0f7537e3d3339b5c468315647d,ifcg,mbedtls_fuzz_dtlsserver,43:14.8,53:18.4,157,13500,5917
298,f4f3c14ff98c7e0f7537e3d3339b5c468315647d,libfuzzer,mbedtls_fuzz_dtlsserver,43:14.7,53:18.4,167,13500,5786
299,f4f3c14ff98c7e0f7537e3d3339b5c468315647d,ifcg,mbedtls_fuzz_dtlsserver,43:14.7,53:18.4,152,13500,5925
300,f4f3c14ff98c7e0f7537e3d3339b5c468315647d,ifcg,mbedtls_fuzz_dtlsserver,43:14.7,53:18.4,151,14400,4611
301,f4f3c14ff98c7e0f7537e3d3339b5c468315647d,ifcg,mbedtls_fuzz_dtlsserver,43:14.8,53:18.4,159,14400,4611
302,f4f3c14ff98c7e0f7537e3d3339b5c468315647d,ifcg,mbedtls_fuzz_dtlsserver,43:14.8,53:18.4,154,14400,4636
303,f4f3c14ff98c7e0f7537e3d3339b5c468315647d,ifcg,mbedtls_fuzz_dtlsserver,43:14.8,53:18.4,158,14400,4611
304,f4f3c14ff98c7e0f7537e3d3339b5c468315647d,ifcg,mbedtls_fuzz_dtlsserver,43:14.8,53:18.4,160,14400,5595
305,f4f3c14ff98c7e0f7537e3d3339b5c468315647d,libfuzzer,mbedtls_fuzz_dtlsserver,43:14.7,53:18.4,162,14400,4611
306,f4f3c14ff98c7e0f7537e3d3339b5c468315647d,libfuzzer,mbedtls_fuzz_dtlsserver,43:14.8,53:18.4,161,14400,4611
307,f4f3c14ff98c7e0f7537e3d3339b5c468315647d,libfuzzer,mbedtls_fuzz_dtlsserver,43:14.8,53:18.4,164,14400,4636
308,f4f3c14ff98c7e0f7537e3d3339b5c468315647d,libfuzzer,mbedtls_fuzz_dtlsserver,43:14.7,53:18.4,170,14400,4636
309,f4f3c14ff98c7e0f7537e3d3339b5c468315647d,libfuzzer,mbedtls_fuzz_dtlsserver,43:14.8,53:18.4,169,14400,4636
310,f4f3c14ff98c7e0f7537e3d3339b5c468315647d,libfuzzer,mbedtls_fuzz_dtlsserver,43:14.8,53:18.4,166,14400,4636
311,f4f3c14ff98c7e0f7537e3d3339b5c468315647d,libfuzzer,mbedtls_fuzz_dtlsserver,43:14.7,53:18.4,165,14400,4611
312,f4f3c14ff98c7e0f7537e3d3339b5c468315647d,libfuzzer,mbedtls_fuzz_dtlsserver,43:14.8,53:18.4,168,14400,4636
313,f4f3c14ff98c7e0f7537e3d3339b5c468315647d,libfuzzer,mbedtls_fuzz_dtlsserver,43:14.9,53:18.4,163,14400,5608
314,f4f3c14ff98c7e0f7537e3d3339b5c468315647d,ifcg,mbedtls_fuzz_dtlsserver,43:14.7,53:18.4,156,14400,5598
315,f4f3c14ff98c7e0f7537e3d3339b5c468315647d,ifcg,mbedtls_fuzz_dtlsserver,43:14.7,53:18.4,152,14400,5925
316,f4f3c14ff98c7e0f7537e3d3339b5c468315647d,libfuzzer,mbedtls_fuzz_dtlsserver,43:14.7,53:18.4,167,14400,5811
317,f4f3c14ff98c7e0f7537e3d3339b5c468315647d,ifcg,mbedtls_fuzz_dtlsserver,43:14.9,53:18.4,153,14400,5566
318,f4f3c14ff98c7e0f7537e3d3339b5c468315647d,ifcg,mbedtls_fuzz_dtlsserver,43:14.8,53:18.4,157,14400,5917
319,f4f3c14ff98c7e0f7537e3d3339b5c468315647d,ifcg,mbedtls_fuzz_dtlsserver,43:14.7,53:18.4,155,14400,5932
320,f4f3c14ff98c7e0f7537e3d3339b5c468315647d,ifcg,mbedtls_fuzz_dtlsserver,43:14.8,53:18.4,158,15300,4611
321,f4f3c14ff98c7e0f7537e3d3339b5c468315647d,ifcg,mbedtls_fuzz_dtlsserver,43:14.8,53:18.4,154,15300,4636
322,f4f3c14ff98c7e0f7537e3d3339b5c468315647d,ifcg,mbedtls_fuzz_dtlsserver,43:14.7,53:18.4,151,15300,4611
323,f4f3c14ff98c7e0f7537e3d3339b5c468315647d,ifcg,mbedtls_fuzz_dtlsserver,43:14.8,53:18.4,159,15300,4611
324,f4f3c14ff98c7e0f7537e3d3339b5c468315647d,ifcg,mbedtls_fuzz_dtlsserver,43:14.9,53:18.4,153,15300,5566
325,f4f3c14ff98c7e0f7537e3d3339b5c468315647d,libfuzzer,mbedtls_fuzz_dtlsserver,43:14.8,53:18.4,161,15300,4611
326,f4f3c14ff98c7e0f7537e3d3339b5c468315647d,libfuzzer,mbedtls_fuzz_dtlsserver,43:14.7,53:18.4,165,15300,4611
327,f4f3c14ff98c7e0f7537e3d3339b5c468315647d,libfuzzer,mbedtls_fuzz_dtlsserver,43:14.8,53:18.4,166,15300,4636
328,f4f3c14ff98c7e0f7537e3d3339b5c468315647d,libfuzzer,mbedtls_fuzz_dtlsserver,43:14.7,53:18.4,162,15300,4611
329,f4f3c14ff98c7e0f7537e3d3339b5c468315647d,libfuzzer,mbedtls_fuzz_dtlsserver,43:14.8,53:18.4,168,15300,4636
330,f4f3c14ff98c7e0f7537e3d3339b5c468315647d,libfuzzer,mbedtls_fuzz_dtlsserver,43:14.9,53:18.4,163,15300,5608
331,f4f3c14ff98c7e0f7537e3d3339b5c468315647d,libfuzzer,mbedtls_fuzz_dtlsserver,43:14.8,53:18.4,164,15300,4636
332,f4f3c14ff98c7e0f7537e3d3339b5c468315647d,libfuzzer,mbedtls_fuzz_dtlsserver,43:14.8,53:18.4,169,15300,4636
333,f4f3c14ff98c7e0f7537e3d3339b5c468315647d,libfuzzer,mbedtls_fuzz_dtlsserver,43:14.7,53:18.4,170,15300,4636
334,f4f3c14ff98c7e0f7537e3d3339b5c468315647d,ifcg,mbedtls_fuzz_dtlsserver,43:14.8,53:18.4,160,15300,5595
335,f4f3c14ff98c7e0f7537e3d3339b5c468315647d,libfuzzer,mbedtls_fuzz_dtlsserver,43:14.7,53:18.4,167,15300,5812
336,f4f3c14ff98c7e0f7537e3d3339b5c468315647d,ifcg,mbedtls_fuzz_dtlsserver,43:14.7,53:18.4,156,15300,5598
337,f4f3c14ff98c7e0f7537e3d3339b5c468315647d,ifcg,mbedtls_fuzz_dtlsserver,43:14.7,53:18.4,155,15300,5932
338,f4f3c14ff98c7e0f7537e3d3339b5c468315647d,ifcg,mbedtls_fuzz_dtlsserver,43:14.7,53:18.4,152,15300,5925
339,f4f3c14ff98c7e0f7537e3d3339b5c468315647d,ifcg,mbedtls_fuzz_dtlsserver,43:14.8,53:18.4,157,15300,5917
340,f4f3c14ff98c7e0f7537e3d3339b5c468315647d,ifcg,mbedtls_fuzz_dtlsserver,43:14.7,53:18.4,151,16200,4611
341,f4f3c14ff98c7e0f7537e3d3339b5c468315647d,ifcg,mbedtls_fuzz_dtlsserver,43:14.9,53:18.4,153,16200,5566
342,f4f3c14ff98c7e0f7537e3d3339b5c468315647d,ifcg,mbedtls_fuzz_dtlsserver,43:14.8,53:18.4,154,16200,4636
343,f4f3c14ff98c7e0f7537e3d3339b5c468315647d,ifcg,mbedtls_fuzz_dtlsserver,43:14.8,53:18.4,158,16200,4611
344,f4f3c14ff98c7e0f7537e3d3339b5c468315647d,libfuzzer,mbedtls_fuzz_dtlsserver,43:14.9,53:18.4,163,16200,5608
345,f4f3c14ff98c7e0f7537e3d3339b5c468315647d,libfuzzer,mbedtls_fuzz_dtlsserver,43:14.8,53:18.4,166,16200,4636
346,f4f3c14ff98c7e0f7537e3d3339b5c468315647d,libfuzzer,mbedtls_fuzz_dtlsserver,43:14.7,53:18.4,162,16200,4611
347,f4f3c14ff98c7e0f7537e3d3339b5c468315647d,libfuzzer,mbedtls_fuzz_dtlsserver,43:14.8,53:18.4,164,16200,4636
348,f4f3c14ff98c7e0f7537e3d3339b5c468315647d,libfuzzer,mbedtls_fuzz_dtlsserver,43:14.8,53:18.4,161,16200,4611
349,f4f3c14ff98c7e0f7537e3d3339b5c468315647d,ifcg,mbedtls_fuzz_dtlsserver,43:14.8,53:18.4,159,16200,4611
350,f4f3c14ff98c7e0f7537e3d3339b5c468315647d,libfuzzer,mbedtls_fuzz_dtlsserver,43:14.7,53:18.4,165,16200,4611
351,f4f3c14ff98c7e0f7537e3d3339b5c468315647d,libfuzzer,mbedtls_fuzz_dtlsserver,43:14.8,53:18.4,168,16200,4636
352,f4f3c14ff98c7e0f7537e3d3339b5c468315647d,libfuzzer,mbedtls_fuzz_dtlsserver,43:14.8,53:18.4,169,16200,4636
353,f4f3c14ff98c7e0f7537e3d3339b5c468315647d,ifcg,mbedtls_fuzz_dtlsserver,43:14.8,53:18.4,160,16200,5595
354,f4f3c14ff98c7e0f7537e3d3339b5c468315647d,libfuzzer,mbedtls_fuzz_dtlsserver,43:14.7,53:18.4,170,16200,4636
355,f4f3c14ff98c7e0f7537e3d3339b5c468315647d,ifcg,mbedtls_fuzz_dtlsserver,43:14.7,53:18.4,156,16200,5598
356,f4f3c14ff98c7e0f7537e3d3339b5c468315647d,ifcg,mbedtls_fuzz_dtlsserver,43:14.7,53:18.4,152,16200,5925
357,f4f3c14ff98c7e0f7537e3d3339b5c468315647d,libfuzzer,mbedtls_fuzz_dtlsserver,43:14.7,53:18.4,167,16200,5816
358,f4f3c14ff98c7e0f7537e3d3339b5c468315647d,ifcg,mbedtls_fuzz_dtlsserver,43:14.8,53:18.4,157,16200,5917
359,f4f3c14ff98c7e0f7537e3d3339b5c468315647d,ifcg,mbedtls_fuzz_dtlsserver,43:14.7,53:18.4,155,16200,5937
360,f4f3c14ff98c7e0f7537e3d3339b5c468315647d,ifcg,mbedtls_fuzz_dtlsserver,43:14.8,53:18.4,154,17100,4636
361,f4f3c14ff98c7e0f7537e3d3339b5c468315647d,ifcg,mbedtls_fuzz_dtlsserver,43:14.9,53:18.4,153,17100,5566
362,f4f3c14ff98c7e0f7537e3d3339b5c468315647d,ifcg,mbedtls_fuzz_dtlsserver,43:14.7,53:18.4,151,17100,4611
363,f4f3c14ff98c7e0f7537e3d3339b5c468315647d,ifcg,mbedtls_fuzz_dtlsserver,43:14.7,53:18.4,156,17100,5598
364,f4f3c14ff98c7e0f7537e3d3339b5c468315647d,ifcg,mbedtls_fuzz_dtlsserver,43:14.8,53:18.4,158,17100,4611
365,f4f3c14ff98c7e0f7537e3d3339b5c468315647d,ifcg,mbedtls_fuzz_dtlsserver,43:14.8,53:18.4,160,17100,5595
366,f4f3c14ff98c7e0f7537e3d3339b5c468315647d,ifcg,mbedtls_fuzz_dtlsserver,43:14.8,53:18.4,159,17100,4611
367,f4f3c14ff98c7e0f7537e3d3339b5c468315647d,libfuzzer,mbedtls_fuzz_dtlsserver,43:14.8,53:18.4,161,17100,4611
368,f4f3c14ff98c7e0f7537e3d3339b5c468315647d,libfuzzer,mbedtls_fuzz_dtlsserver,43:14.8,53:18.4,166,17100,4636
369,f4f3c14ff98c7e0f7537e3d3339b5c468315647d,libfuzzer,mbedtls_fuzz_dtlsserver,43:14.7,53:18.4,162,17100,4611
370,f4f3c14ff98c7e0f7537e3d3339b5c468315647d,libfuzzer,mbedtls_fuzz_dtlsserver,43:14.7,53:18.4,165,17100,4611
371,f4f3c14ff98c7e0f7537e3d3339b5c468315647d,libfuzzer,mbedtls_fuzz_dtlsserver,43:14.8,53:18.4,168,17100,4636
372,f4f3c14ff98c7e0f7537e3d3339b5c468315647d,libfuzzer,mbedtls_fuzz_dtlsserver,43:14.7,53:18.4,170,17100,4636
373,f4f3c14ff98c7e0f7537e3d3339b5c468315647d,libfuzzer,mbedtls_fuzz_dtlsserver,43:14.8,53:18.4,169,17100,4636
374,f4f3c14ff98c7e0f7537e3d3339b5c468315647d,libfuzzer,mbedtls_fuzz_dtlsserver,43:14.9,53:18.4,163,17100,5608
375,f4f3c14ff98c7e0f7537e3d3339b5c468315647d,libfuzzer,mbedtls_fuzz_dtlsserver,43:14.8,53:18.4,164,17100,4636
376,f4f3c14ff98c7e0f7537e3d3339b5c468315647d,ifcg,mbedtls_fuzz_dtlsserver,43:14.7,53:18.4,152,17100,5927
377,f4f3c14ff98c7e0f7537e3d3339b5c468315647d,ifcg,mbedtls_fuzz_dtlsserver,43:14.8,53:18.4,157,17100,5922
378,f4f3c14ff98c7e0f7537e3d3339b5c468315647d,libfuzzer,mbedtls_fuzz_dtlsserver,43:14.7,53:18.4,167,17100,5839
379,f4f3c14ff98c7e0f7537e3d3339b5c468315647d,ifcg,mbedtls_fuzz_dtlsserver,43:14.7,53:18.4,155,17100,5937
380,f4f3c14ff98c7e0f7537e3d3339b5c468315647d,ifcg,mbedtls_fuzz_dtlsserver,43:14.7,53:18.4,152,18000,5927
381,f4f3c14ff98c7e0f7537e3d3339b5c468315647d,ifcg,mbedtls_fuzz_dtlsserver,43:14.7,53:18.4,151,18000,4611
382,f4f3c14ff98c7e0f7537e3d3339b5c468315647d,ifcg,mbedtls_fuzz_dtlsserver,43:14.9,53:18.4,153,18000,5566
383,f4f3c14ff98c7e0f7537e3d3339b5c468315647d,ifcg,mbedtls_fuzz_dtlsserver,43:14.8,53:18.4,158,18000,4611
384,f4f3c14ff98c7e0f7537e3d3339b5c468315647d,libfuzzer,mbedtls_fuzz_dtlsserver,43:14.8,53:18.4,161,18000,4611
385,f4f3c14ff98c7e0f7537e3d3339b5c468315647d,libfuzzer,mbedtls_fuzz_dtlsserver,43:14.8,53:18.4,166,18000,4636
386,f4f3c14ff98c7e0f7537e3d3339b5c468315647d,ifcg,mbedtls_fuzz_dtlsserver,43:14.8,53:18.4,154,18000,4636
387,f4f3c14ff98c7e0f7537e3d3339b5c468315647d,libfuzzer,mbedtls_fuzz_dtlsserver,43:14.7,53:18.4,165,18000,4611
388,f4f3c14ff98c7e0f7537e3d3339b5c468315647d,ifcg,mbedtls_fuzz_dtlsserver,43:14.8,53:18.4,159,18000,4611
389,f4f3c14ff98c7e0f7537e3d3339b5c468315647d,libfuzzer,mbedtls_fuzz_dtlsserver,43:14.8,53:18.4,169,18000,4636
390,f4f3c14ff98c7e0f7537e3d3339b5c468315647d,libfuzzer,mbedtls_fuzz_dtlsserver,43:14.7,53:18.4,162,18000,4611
391,f4f3c14ff98c7e0f7537e3d3339b5c468315647d,libfuzzer,mbedtls_fuzz_dtlsserver,43:14.9,53:18.4,163,18000,5608
392,f4f3c14ff98c7e0f7537e3d3339b5c468315647d,libfuzzer,mbedtls_fuzz_dtlsserver,43:14.8,53:18.4,168,18000,4636
393,f4f3c14ff98c7e0f7537e3d3339b5c468315647d,libfuzzer,mbedtls_fuzz_dtlsserver,43:14.7,53:18.4,170,18000,4636
394,f4f3c14ff98c7e0f7537e3d3339b5c468315647d,libfuzzer,mbedtls_fuzz_dtlsserver,43:14.8,53:18.4,164,18000,4636
395,f4f3c14ff98c7e0f7537e3d3339b5c468315647d,ifcg,mbedtls_fuzz_dtlsserver,43:14.8,53:18.4,160,18000,5595
396,f4f3c14ff98c7e0f7537e3d3339b5c468315647d,ifcg,mbedtls_fuzz_dtlsserver,43:14.7,53:18.4,156,18000,5608
397,f4f3c14ff98c7e0f7537e3d3339b5c468315647d,ifcg,mbedtls_fuzz_dtlsserver,43:14.7,53:18.4,155,18000,5937
398,f4f3c14ff98c7e0f7537e3d3339b5c468315647d,ifcg,mbedtls_fuzz_dtlsserver,43:14.8,53:18.4,157,18000,5926
399,f4f3c14ff98c7e0f7537e3d3339b5c468315647d,libfuzzer,mbedtls_fuzz_dtlsserver,43:14.7,53:18.4,167,18000,5839
400,f4f3c14ff98c7e0f7537e3d3339b5c468315647d,ifcg,mbedtls_fuzz_dtlsserver,43:14.7,53:18.4,151,18900,4611
401,f4f3c14ff98c7e0f7537e3d3339b5c468315647d,ifcg,mbedtls_fuzz_dtlsserver,43:14.8,53:18.4,159,18900,4611
402,f4f3c14ff98c7e0f7537e3d3339b5c468315647d,ifcg,mbedtls_fuzz_dtlsserver,43:14.9,53:18.4,153,18900,5566
403,f4f3c14ff98c7e0f7537e3d3339b5c468315647d,ifcg,mbedtls_fuzz_dtlsserver,43:14.8,53:18.4,158,18900,4611
404,f4f3c14ff98c7e0f7537e3d3339b5c468315647d,libfuzzer,mbedtls_fuzz_dtlsserver,43:14.9,53:18.4,163,18900,5608
405,f4f3c14ff98c7e0f7537e3d3339b5c468315647d,libfuzzer,mbedtls_fuzz_dtlsserver,43:14.7,53:18.4,167,18900,5839
406,f4f3c14ff98c7e0f7537e3d3339b5c468315647d,ifcg,mbedtls_fuzz_dtlsserver,43:14.7,53:18.4,156,18900,5608
407,f4f3c14ff98c7e0f7537e3d3339b5c468315647d,libfuzzer,mbedtls_fuzz_dtlsserver,43:14.8,53:18.4,161,18900,4611
408,f4f3c14ff98c7e0f7537e3d3339b5c468315647d,libfuzzer,mbedtls_fuzz_dtlsserver,43:14.7,53:18.4,162,18900,4611
409,f4f3c14ff98c7e0f7537e3d3339b5c468315647d,libfuzzer,mbedtls_fuzz_dtlsserver,43:14.8,53:18.4,169,18900,4636
410,f4f3c14ff98c7e0f7537e3d3339b5c468315647d,libfuzzer,mbedtls_fuzz_dtlsserver,43:14.8,53:18.4,164,18900,4636
411,f4f3c14ff98c7e0f7537e3d3339b5c468315647d,libfuzzer,mbedtls_fuzz_dtlsserver,43:14.8,53:18.4,168,18900,4636
412,f4f3c14ff98c7e0f7537e3d3339b5c468315647d,libfuzzer,mbedtls_fuzz_dtlsserver,43:14.8,53:18.4,166,18900,4636
413,f4f3c14ff98c7e0f7537e3d3339b5c468315647d,libfuzzer,mbedtls_fuzz_dtlsserver,43:14.7,53:18.4,170,18900,4636
414,f4f3c14ff98c7e0f7537e3d3339b5c468315647d,ifcg,mbedtls_fuzz_dtlsserver,43:14.8,53:18.4,154,18900,4636
415,f4f3c14ff98c7e0f7537e3d3339b5c468315647d,libfuzzer,mbedtls_fuzz_dtlsserver,43:14.7,53:18.4,165,18900,4611
416,f4f3c14ff98c7e0f7537e3d3339b5c468315647d,ifcg,mbedtls_fuzz_dtlsserver,43:14.8,53:18.4,157,18900,5926
417,f4f3c14ff98c7e0f7537e3d3339b5c468315647d,ifcg,mbedtls_fuzz_dtlsserver,43:14.8,53:18.4,160,18900,5595
418,f4f3c14ff98c7e0f7537e3d3339b5c468315647d,ifcg,mbedtls_fuzz_dtlsserver,43:14.7,53:18.4,152,18900,5927
419,f4f3c14ff98c7e0f7537e3d3339b5c468315647d,ifcg,mbedtls_fuzz_dtlsserver,43:14.7,53:18.4,155,18900,5937
420,f4f3c14ff98c7e0f7537e3d3339b5c468315647d,ifcg,mbedtls_fuzz_dtlsserver,43:14.7,53:18.4,151,19800,4611
421,f4f3c14ff98c7e0f7537e3d3339b5c468315647d,libfuzzer,mbedtls_fuzz_dtlsserver,43:14.7,53:18.4,162,19800,4611
422,f4f3c14ff98c7e0f7537e3d3339b5c468315647d,ifcg,mbedtls_fuzz_dtlsserver,43:14.8,53:18.4,154,19800,4636
423,f4f3c14ff98c7e0f7537e3d3339b5c468315647d,ifcg,mbedtls_fuzz_dtlsserver,43:14.8,53:18.4,158,19800,4611
424,f4f3c14ff98c7e0f7537e3d3339b5c468315647d,ifcg,mbedtls_fuzz_dtlsserver,43:14.8,53:18.4,157,19800,5926
425,f4f3c14ff98c7e0f7537e3d3339b5c468315647d,ifcg,mbedtls_fuzz_dtlsserver,43:14.8,53:18.4,159,19800,4611
426,f4f3c14ff98c7e0f7537e3d3339b5c468315647d,libfuzzer,mbedtls_fuzz_dtlsserver,43:14.8,53:18.4,161,19800,4611
427,f4f3c14ff98c7e0f7537e3d3339b5c468315647d,libfuzzer,mbedtls_fuzz_dtlsserver,43:14.7,53:18.4,165,19800,4611
428,f4f3c14ff98c7e0f7537e3d3339b5c468315647d,libfuzzer,mbedtls_fuzz_dtlsserver,43:14.8,53:18.4,164,19800,4636
429,f4f3c14ff98c7e0f7537e3d3339b5c468315647d,ifcg,mbedtls_fuzz_dtlsserver,43:14.8,53:18.4,160,19800,5595
430,f4f3c14ff98c7e0f7537e3d3339b5c468315647d,libfuzzer,mbedtls_fuzz_dtlsserver,43:14.8,53:18.4,166,19800,4636
431,f4f3c14ff98c7e0f7537e3d3339b5c468315647d,libfuzzer,mbedtls_fuzz_dtlsserver,43:14.8,53:18.4,168,19800,4636
432,f4f3c14ff98c7e0f7537e3d3339b5c468315647d,libfuzzer,mbedtls_fuzz_dtlsserver,43:14.7,53:18.4,170,19800,4636
433,f4f3c14ff98c7e0f7537e3d3339b5c468315647d,libfuzzer,mbedtls_fuzz_dtlsserver,43:14.8,53:18.4,169,19800,4636
434,f4f3c14ff98c7e0f7537e3d3339b5c468315647d,libfuzzer,mbedtls_fuzz_dtlsserver,43:14.9,53:18.4,163,19800,5608
435,f4f3c14ff98c7e0f7537e3d3339b5c468315647d,ifcg,mbedtls_fuzz_dtlsserver,43:14.7,53:18.4,156,19800,5608
436,f4f3c14ff98c7e0f7537e3d3339b5c468315647d,ifcg,mbedtls_fuzz_dtlsserver,43:14.9,53:18.4,153,19800,5566
437,f4f3c14ff98c7e0f7537e3d3339b5c468315647d,libfuzzer,mbedtls_fuzz_dtlsserver,43:14.7,53:18.4,167,19800,5846
438,f4f3c14ff98c7e0f7537e3d3339b5c468315647d,ifcg,mbedtls_fuzz_dtlsserver,43:14.7,53:18.4,155,19800,5937
439,f4f3c14ff98c7e0f7537e3d3339b5c468315647d,ifcg,mbedtls_fuzz_dtlsserver,43:14.7,53:18.4,152,19800,5927
440,f4f3c14ff98c7e0f7537e3d3339b5c468315647d,ifcg,mbedtls_fuzz_dtlsserver,43:14.7,53:18.4,151,20700,4611
441,f4f3c14ff98c7e0f7537e3d3339b5c468315647d,libfuzzer,mbedtls_fuzz_dtlsserver,43:14.7,53:18.4,165,20700,4611
442,f4f3c14ff98c7e0f7537e3d3339b5c468315647d,libfuzzer,mbedtls_fuzz_dtlsserver,43:14.7,53:18.4,162,20700,4611
443,f4f3c14ff98c7e0f7537e3d3339b5c468315647d,ifcg,mbedtls_fuzz_dtlsserver,43:14.7,53:18.4,155,20700,5937
444,f4f3c14ff98c7e0f7537e3d3339b5c468315647d,ifcg,mbedtls_fuzz_dtlsserver,43:14.8,53:18.4,154,20700,4636
445,f4f3c14ff98c7e0f7537e3d3339b5c468315647d,ifcg,mbedtls_fuzz_dtlsserver,43:14.8,53:18.4,159,20700,4611
446,f4f3c14ff98c7e0f7537e3d3339b5c468315647d,ifcg,mbedtls_fuzz_dtlsserver,43:14.8,53:18.4,158,20700,4611
447,f4f3c14ff98c7e0f7537e3d3339b5c468315647d,libfuzzer,mbedtls_fuzz_dtlsserver,43:14.7,53:18.4,170,20700,4636
448,f4f3c14ff98c7e0f7537e3d3339b5c468315647d,libfuzzer,mbedtls_fuzz_dtlsserver,43:14.8,53:18.4,166,20700,4636
449,f4f3c14ff98c7e0f7537e3d3339b5c468315647d,libfuzzer,mbedtls_fuzz_dtlsserver,43:14.8,53:18.4,164,20700,4636
450,f4f3c14ff98c7e0f7537e3d3339b5c468315647d,libfuzzer,mbedtls_fuzz_dtlsserver,43:14.8,53:18.4,168,20700,4636
451,f4f3c14ff98c7e0f7537e3d3339b5c468315647d,libfuzzer,mbedtls_fuzz_dtlsserver,43:14.8,53:18.4,169,20700,4636
452,f4f3c14ff98c7e0f7537e3d3339b5c468315647d,ifcg,mbedtls_fuzz_dtlsserver,43:14.9,53:18.4,153,20700,5566
453,f4f3c14ff98c7e0f7537e3d3339b5c468315647d,libfuzzer,mbedtls_fuzz_dtlsserver,43:14.8,53:18.4,161,20700,4611
454,f4f3c14ff98c7e0f7537e3d3339b5c468315647d,libfuzzer,mbedtls_fuzz_dtlsserver,43:14.9,53:18.4,163,20700,5608
455,f4f3c14ff98c7e0f7537e3d3339b5c468315647d,ifcg,mbedtls_fuzz_dtlsserver,43:14.7,53:18.4,152,20700,5927
456,f4f3c14ff98c7e0f7537e3d3339b5c468315647d,ifcg,mbedtls_fuzz_dtlsserver,43:14.7,53:18.4,156,20700,5608
457,f4f3c14ff98c7e0f7537e3d3339b5c468315647d,ifcg,mbedtls_fuzz_dtlsserver,43:14.8,53:18.4,157,20700,5926
458,f4f3c14ff98c7e0f7537e3d3339b5c468315647d,ifcg,mbedtls_fuzz_dtlsserver,43:14.8,53:18.4,160,20700,5595
459,f4f3c14ff98c7e0f7537e3d3339b5c468315647d,libfuzzer,mbedtls_fuzz_dtlsserver,43:14.7,53:18.4,167,20700,5860
460,f4f3c14ff98c7e0f7537e3d3339b5c468315647d,ifcg,mbedtls_fuzz_dtlsserver,43:14.7,53:18.4,151,21600,4611
461,f4f3c14ff98c7e0f7537e3d3339b5c468315647d,libfuzzer,mbedtls_fuzz_dtlsserver,43:14.7,53:18.4,162,21600,4611
462,f4f3c14ff98c7e0f7537e3d3339b5c468315647d,libfuzzer,mbedtls_fuzz_dtlsserver,43:14.7,53:18.4,165,21600,4611
463,f4f3c14ff98c7e0f7537e3d3339b5c468315647d,libfuzzer,mbedtls_fuzz_dtlsserver,43:14.7,53:18.4,170,21600,4636
464,f4f3c14ff98c7e0f7537e3d3339b5c468315647d,ifcg,mbedtls_fuzz_dtlsserver,43:14.7,53:18.4,155,21600,5937
465,f4f3c14ff98c7e0f7537e3d3339b5c468315647d,ifcg,mbedtls_fuzz_dtlsserver,43:14.9,53:18.4,153,21600,5566
466,f4f3c14ff98c7e0f7537e3d3339b5c468315647d,ifcg,mbedtls_fuzz_dtlsserver,43:14.8,53:18.4,158,21600,4611
467,f4f3c14ff98c7e0f7537e3d3339b5c468315647d,ifcg,mbedtls_fuzz_dtlsserver,43:14.7,53:18.4,156,21600,5608
468,f4f3c14ff98c7e0f7537e3d3339b5c468315647d,libfuzzer,mbedtls_fuzz_dtlsserver,43:14.9,53:18.4,163,21600,5608
469,f4f3c14ff98c7e0f7537e3d3339b5c468315647d,libfuzzer,mbedtls_fuzz_dtlsserver,43:14.8,53:18.4,166,21600,4636
470,f4f3c14ff98c7e0f7537e3d3339b5c468315647d,libfuzzer,mbedtls_fuzz_dtlsserver,43:14.8,53:18.4,169,21600,4636
471,f4f3c14ff98c7e0f7537e3d3339b5c468315647d,ifcg,mbedtls_fuzz_dtlsserver,43:14.8,53:18.4,157,21600,5926
472,f4f3c14ff98c7e0f7537e3d3339b5c468315647d,libfuzzer,mbedtls_fuzz_dtlsserver,43:14.8,53:18.4,168,21600,4636
473,f4f3c14ff98c7e0f7537e3d3339b5c468315647d,libfuzzer,mbedtls_fuzz_dtlsserver,43:14.8,53:18.4,161,21600,4611
474,f4f3c14ff98c7e0f7537e3d3339b5c468315647d,ifcg,mbedtls_fuzz_dtlsserver,43:14.8,53:18.4,159,21600,4611
475,f4f3c14ff98c7e0f7537e3d3339b5c468315647d,libfuzzer,mbedtls_fuzz_dtlsserver,43:14.8,53:18.4,164,21600,4636
476,f4f3c14ff98c7e0f7537e3d3339b5c468315647d,ifcg,mbedtls_fuzz_dtlsserver,43:14.8,53:18.4,154,21600,4636
477,f4f3c14ff98c7e0f7537e3d3339b5c468315647d,ifcg,mbedtls_fuzz_dtlsserver,43:14.8,53:18.4,160,21600,5595
478,f4f3c14ff98c7e0f7537e3d3339b5c468315647d,ifcg,mbedtls_fuzz_dtlsserver,43:14.7,53:18.4,152,21600,5927
479,f4f3c14ff98c7e0f7537e3d3339b5c468315647d,libfuzzer,mbedtls_fuzz_dtlsserver,43:14.7,53:18.4,167,21600,5864
